No,AA,C#,Mw,HLB,EO,Conc,pH,IE,Unnamed: 9,Unnamed: 10,Unnamed: 11,Unnamed: 12,Unnamed: 13,Unnamed: 14,Unnamed: 15,Unnamed: 16,Unnamed: 17,Unnamed: 18,Unnamed: 19,Unnamed: 20,Unnamed: 21,Unnamed: 22,Unnamed: 23
1.0,99.9,13.0,244.05,3.7,1.0,0.05,4.9,56.43,,,,,,,,,,,,,,,
2.0,99.5,13.0,508.35,12.3,7.0,0.05,4.9,81.76,,,,,,,,,,,,,,,
3.0,99.5,12.0,650.5,13.5,10.0,0.05,4.9,85.59,,,,,,,,,,,,,,,
4.0,99.5,18.0,500.25,8.5,5.0,0.05,4.9,67.38,,,,,,,,,,,,,,,
5.0,99.0,18.0,2047.0,17.3,40.0,0.05,4.9,74.05,,,,,,,,,,,,,,,
6.0,99.0,55.0,9740.0,18.0,200.0,0.05,4.9,80.73,,,,,,,,,,,,,,,
7.0,99.5,55.0,2692.0,13.0,40.0,0.05,4.9,84.1,,,,,,,,,,,,,,,
8.0,97.0,55.0,2692.0,14.0,40.0,0.05,4.9,73.06,,,,,,,,,,,,,,,
9.0,90.0,13.0,684.55,14.0,11.0,0.05,4.9,77.65,,,,,,,,,,,,,,,
10.0,99.5,17.0,744.55,13.0,11.0,0.05,4.9,74.77,,,,,,,,,,,,,,,
11.0,99.5,17.0,1361.25,16.1,25.0,0.05,4.9,80.04,,,,,,,,,,,,,,,
12.0,99.5,17.0,2462.5,17.9,50.0,0.05,4.9,73.56,,,,,,,,,,,,,,,
13.0,99.0,17.0,3784.0,20.0,80.0,0.05,4.9,79.58,,,,,,,,,,,,,,,
14.0,99.8,10.0,270.13,8.1,3.0,0.05,4.9,79.7,,,,,,,,,,,,,,,
15.0,99.5,10.0,424.3,12.5,6.0,0.05,4.9,84.71,,,,,,,,,,,,,,,
16.0,99.0,13.0,1962.0,18.0,40.0,0.05,4.9,81.9,,,,,,,,,,,,,,,
17.0,99.5,13.0,640.5,13.6,10.0,0.05,4.9,73.64,,,,,,,,,,,,,,,
18.0,99.5,0.0,3300.0,4.5,8.0,0.05,4.9,78.91,,,,,,,,,,,,,,,
19.0,99.5,0.0,1100.0,4.0,8.0,0.05,4.9,80.76,,,,,,,,,,,,,,,
20.0,99.5,0.0,1900.0,21.5,20.0,0.05,4.9,80.45,,,,,,,,,,,,,,,
21.0,99.5,0.0,8400.0,24.0,164.0,0.05,4.9,77.21,,,,,,,,,,,,,,,
22.0,99.5,0.0,14600.0,24.0,272.0,0.05,4.9,81.19,,,,,,,,,,,,,,,
23.0,99.5,0.0,12600.0,21.5,190.0,0.05,4.9,81.63,,,,,,,,,,,,,,,
24.0,50.0,0.0,62.0,8.3,1.0,0.05,4.9,11.45,,,,,,,,,,,,,,,
25.0,64.0,8.0,625.0,13.5,10.0,0.05,4.9,83.49,,,,,,,,,,,,,,,
26.0,70.0,12.0,1228.0,16.7,20.0,0.05,4.9,85.49,,,,,,,,,,,,,,,
27.0,50.0,18.0,1310.0,15.0,20.0,0.05,4.9,86.26,,,,,,,,,,,,,,,
28.0,99.0,9.0,346.0,8.6,0.0,0.05,4.9,39.37,,,,,,,,,,,,,,,
29.0,100.0,17.0,428.0,4.3,0.0,0.05,4.9,30.51,,,,,,,,,,,,,,,
30.0,100.0,13.0,,,,0.05,4.9,49.31,,,,,,,,,,,,,,,
31.0,100.0,9.0,,,,0.05,4.9,33.39,,,,,,,,,,,,,,,
32.0,100.0,9.0,,,,0.05,4.9,48.69,,,,,,,,,,,,,,,
33.0,97.0,12.0,,,,0.05,4.9,68.37,,,,,,,,,,,,,,,
34.0,100.0,0.0,2000.0,3.0,,0.05,4.9,82.19,,,,,,,,,,,,,,,
35.0,100.0,0.0,2500.0,7.0,,0.05,4.9,81.87,,,,,,,,,,,,,,,
36.0,100.0,0.0,3800.0,1.0,,0.05,4.9,83.87,,,,,,,,,,,,,,,
37.0,100.0,,333.0,8.0,3.0,0.05,4.9,88.97,,,,,,,,,,,,,,,
38.0,95.0,,1496.0,17.4,30.0,0.05,4.9,82.65,,,,,,,,,,,,,,,
39.0,100.0,,1000.0,5.0,,0.05,4.9,90.48,,,,,,,,,,,,,,,
40.0,100.0,11.0,,6.0,,0.05,4.9,93.62,,,,,,,,,,,,,,,
41.0,100.0,,394.0,10.9,5.0,0.05,4.9,88.23,,,,,,,,,,,,,,,
42.0,95.0,,2877.0,18.0,60.0,0.05,4.9,77.64,,,,,,,,,,,,,,,
43.0,99.0,0.0,5900.0,13.0,,0.05,4.9,82.57,,,,,,,,,,,,,,,
44.0,100.0,,3650.0,7.0,,0.05,4.9,82.4,,,,,,,,,,,,,,,
45.0,100.0,0.0,6200.0,14.0,,0.05,4.9,82.95,,,,,,,,,,,,,,,
46.0,100.0,11.0,569.0,13.9,9.0,0.05,4.9,83.4,,,,,,,,,,,,,,,
47.0,100.0,10.0,425.0,12.4,6.0,0.05,4.9,88.06,,,,,,,,,,,,,,,
48.0,100.0,,,5.0,2.0,0.05,4.9,91.98,,,,,,,,,,,,,,,
49.0,100.0,0.0,7900.0,13.0,,0.05,4.9,82.38,,,,,,,,,,,,,,,
50.0,99.5,13.0,1520.0,17.4,31.0,0.05,4.9,85.55,,,,,,,,,,,,,,,
51.0,99.5,,,12.5,,0.05,4.9,89.39,,,,,,,,,,,,,,,
52.0,99.0,14.0,735.0,14.0,,0.05,4.9,87.61,,,,,,,,,,,,,,,
53.0,70.0,8.0,1526.0,17.3,30.0,0.05,4.9,82.56,,,,,,,,,,,,,,,
54.0,99.5,0.0,2000.0,15.0,10.0,0.05,4.9,83.02,,,,,,,,,,,,,,,
55.0,99.5,0.0,5800.0,8.0,20.0,0.05,4.9,79.69,,,,,,,,,,,,,,,
56.0,35.0,,,,,0.05,4.9,86.4,,,,,,,,,,,,,,,
57.0,85.0,9.0,1338.71,,,0.05,4.9,95.28,,,,,,,,,,,,,,,
58.0,99.5,17.0,,5.0,,0.05,4.9,88.53,,,,,,,,,,,,,,,
59.0,40.0,21.0,,,,0.05,4.9,47.16,,,,,,,,,,,,,,,
60.0,99.9,13.0,244.05,3.7,1.0,0.005,4.9,38.35,,,,,,,,,,,,,,,
61.0,99.5,13.0,508.35,12.3,7.0,0.005,4.9,55.17,,,,,,,,,,,,,,,
62.0,99.5,12.0,650.5,13.5,10.0,0.005,4.9,66.62,,,,,,,,,,,,,,,
63.0,99.5,18.0,500.25,8.5,5.0,0.005,4.9,23.68,,,,,,,,,,,,,,,
64.0,99.0,18.0,2047.0,17.3,40.0,0.005,4.9,67.78,,,,,,,,,,,,,,,
65.0,99.0,55.0,9740.0,18.0,200.0,0.005,4.9,77.03,,,,,,,,,,,,,,,
66.0,99.5,55.0,2692.0,13.0,40.0,0.005,4.9,77.0,,,,,,,,,,,,,,,
67.0,97.0,55.0,2692.0,14.0,40.0,0.005,4.9,72.66,,,,,,,,,,,,,,,
68.0,90.0,13.0,684.55,14.0,11.0,0.005,4.9,61.99,,,,,,,,,,,,,,,
69.0,99.5,17.0,744.55,13.0,11.0,0.005,4.9,50.97,,,,,,,,,,,,,,,
70.0,99.5,17.0,1361.25,16.1,25.0,0.005,4.9,69.05,,,,,,,,,,,,,,,
71.0,99.5,17.0,2462.5,17.9,50.0,0.005,4.9,89.14,,,,,,,,,,,,,,,
72.0,99.0,17.0,3784.0,20.0,80.0,0.005,4.9,75.43,,,,,,,,,,,,,,,
73.0,99.8,10.0,270.13,8.1,3.0,0.005,4.9,59.83,,,,,,,,,,,,,,,
74.0,99.5,10.0,424.3,12.5,6.0,0.005,4.9,57.41,,,,,,,,,,,,,,,
75.0,99.0,13.0,1962.0,18.0,40.0,0.005,4.9,71.12,,,,,,,,,,,,,,,
76.0,99.5,13.0,640.5,13.6,10.0,0.005,4.9,67.12,,,,,,,,,,,,,,,
77.0,99.5,0.0,3300.0,4.5,8.0,0.005,4.9,14.78,,,,,,,,,,,,,,,
78.0,99.5,0.0,1100.0,4.0,8.0,0.005,4.9,21.47,,,,,,,,,,,,,,,
79.0,99.5,0.0,1900.0,21.5,20.0,0.005,4.9,28.28,,,,,,,,,,,,,,,
80.0,99.5,0.0,8400.0,24.0,164.0,0.005,4.9,33.84,,,,,,,,,,,,,,,
81.0,99.5,0.0,14600.0,24.0,272.0,0.005,4.9,28.04,,,,,,,,,,,,,,,
82.0,99.5,0.0,12600.0,21.5,190.0,0.005,4.9,29.79,,,,,,,,,,,,,,,
83.0,50.0,0.0,62.0,8.3,1.0,0.005,4.9,37.35,,,,,,,,,,,,,,,
84.0,64.0,8.0,625.0,13.5,10.0,0.005,4.9,64.2,,,,,,,,,,,,,,,
85.0,70.0,12.0,1228.0,16.7,20.0,0.005,4.9,55.23,,,,,,,,,,,,,,,
86.0,50.0,18.0,1310.0,15.0,20.0,0.005,4.9,74.2,,,,,,,,,,,,,,,
87.0,99.0,9.0,346.0,8.6,0.0,0.005,4.9,37.96,,,,,,,,,,,,,,,
88.0,100.0,17.0,428.0,4.3,0.0,0.005,4.9,40.55,,,,,,,,,,,,,,,
89.0,100.0,13.0,,,,0.005,4.9,31.86,,,,,,,,,,,,,,,
90.0,100.0,9.0,,,,0.005,4.9,42.47,,,,,,,,,,,,,,,
91.0,100.0,9.0,,,,0.005,4.9,28.78,,,,,,,,,,,,,,,
92.0,97.0,12.0,,,,0.005,4.9,32.04,,,,,,,,,,,,,,,
93.0,100.0,0.0,2000.0,3.0,,0.005,4.9,63.19,,,,,,,,,,,,,,,
94.0,100.0,0.0,2500.0,7.0,,0.005,4.9,68.79,,,,,,,,,,,,,,,
95.0,100.0,0.0,3800.0,1.0,,0.005,4.9,70.78,,,,,,,,,,,,,,,
96.0,100.0,,333.0,8.0,3.0,0.005,4.9,42.83,,,,,,,,,,,,,,,
97.0,95.0,,1496.0,17.4,30.0,0.005,4.9,73.25,,,,,,,,,,,,,,,
98.0,100.0,,1000.0,5.0,,0.005,4.9,89.03,,,,,,,,,,,,,,,
99.0,100.0,11.0,,6.0,,0.005,4.9,58.49,,,,,,,,,,,,,,,
100.0,100.0,,394.0,10.9,5.0,0.005,4.9,57.22,,,,,,,,,,,,,,,
101.0,95.0,,2877.0,18.0,60.0,0.005,4.9,73.7,,,,,,,,,,,,,,,
102.0,99.0,0.0,5900.0,13.0,,0.005,4.9,73.26,,,,,,,,,,,,,,,
103.0,100.0,,3650.0,7.0,,0.005,4.9,70.77,,,,,,,,,,,,,,,
104.0,100.0,0.0,6200.0,14.0,,0.005,4.9,70.98,,,,,,,,,,,,,,,
105.0,100.0,11.0,569.0,13.9,9.0,0.005,4.9,83.28,,,,,,,,,,,,,,,
106.0,100.0,10.0,425.0,12.4,6.0,0.005,4.9,66.51,,,,,,,,,,,,,,,
107.0,100.0,,,5.0,2.0,0.005,4.9,83.69,,,,,,,,,,,,,,,
108.0,100.0,0.0,7900.0,13.0,,0.005,4.9,66.7,,,,,,,,,,,,,,,
109.0,99.5,13.0,1520.0,17.4,31.0,0.005,4.9,92.52,,,,,,,,,,,,,,,
110.0,99.5,,,12.5,,0.005,4.9,82.96,,,,,,,,,,,,,,,
111.0,99.0,14.0,735.0,14.0,,0.005,4.9,89.32,,,,,,,,,,,,,,,
112.0,70.0,8.0,1526.0,17.3,30.0,0.005,4.9,68.31,,,,,,,,,,,,,,,
113.0,99.5,0.0,2000.0,15.0,10.0,0.005,4.9,13.33,,,,,,,,,,,,,,,
114.0,99.5,0.0,5800.0,8.0,20.0,0.005,4.9,70.52,,,,,,,,,,,,,,,
115.0,35.0,,,,,0.005,4.9,86.95,,,,,,,,,,,,,,,
116.0,85.0,9.0,1338.71,,,0.005,4.9,69.78,,,,,,,,,,,,,,,
117.0,99.5,17.0,,5.0,,0.005,4.9,70.57,,,,,,,,,,,,,,,
118.0,40.0,21.0,,,,0.005,4.9,39.75,,,,,,,,,,,,,,,
119.0,99.9,13.0,244.05,3.7,1.0,0.05,4.9,13.56,,,,,,,,,,,,,,,
120.0,99.5,13.0,508.35,12.3,7.0,0.05,4.9,13.08,,,,,,,,,,,,,,,
121.0,99.5,12.0,650.5,13.5,10.0,0.05,4.9,43.17,,,,,,,,,,,,,,,
122.0,99.5,18.0,500.25,8.5,5.0,0.05,4.9,20.35,,,,,,,,,,,,,,,
123.0,99.0,18.0,2047.0,17.3,40.0,0.05,4.9,60.79,,,,,,,,,,,,,,,
124.0,99.0,55.0,9740.0,18.0,200.0,0.05,4.9,61.22,,,,,,,,,,,,,,,
125.0,99.5,55.0,2692.0,13.0,40.0,0.05,4.9,64.9,,,,,,,,,,,,,,,
126.0,97.0,55.0,2692.0,14.0,40.0,0.05,4.9,20.96,,,,,,,,,,,,,,,
127.0,90.0,13.0,684.55,14.0,11.0,0.05,4.9,7.9,,,,,,,,,,,,,,,
128.0,99.5,17.0,744.55,13.0,11.0,0.05,4.9,35.51,,,,,,,,,,,,,,,
129.0,99.5,17.0,1361.25,16.1,25.0,0.05,4.9,58.17,,,,,,,,,,,,,,,
130.0,99.5,17.0,2462.5,17.9,50.0,0.05,4.9,59.96,,,,,,,,,,,,,,,
131.0,99.0,17.0,3784.0,20.0,80.0,0.05,4.9,45.01,,,,,,,,,,,,,,,
132.0,99.8,10.0,270.13,8.1,3.0,0.05,4.9,6.79,,,,,,,,,,,,,,,
133.0,99.5,10.0,424.3,12.5,6.0,0.05,4.9,8.25,,,,,,,,,,,,,,,
134.0,99.0,13.0,1962.0,18.0,40.0,0.05,4.9,42.45,,,,,,,,,,,,,,,
135.0,99.5,13.0,640.5,13.6,10.0,0.05,4.9,49.03,,,,,,,,,,,,,,,
136.0,99.5,0.0,3300.0,4.5,8.0,0.05,4.9,-28.64,,,,,,,,,,,,,,,
137.0,99.5,0.0,1100.0,4.0,8.0,0.05,4.9,-35.92,,,,,,,,,,,,,,,
138.0,99.5,0.0,1900.0,21.5,20.0,0.05,4.9,-2.83,,,,,,,,,,,,,,,
139.0,99.5,0.0,8400.0,24.0,164.0,0.05,4.9,6.61,,,,,,,,,,,,,,,
140.0,99.5,0.0,14600.0,24.0,272.0,0.05,4.9,-26.41,,,,,,,,,,,,,,,
141.0,99.5,0.0,12600.0,21.5,190.0,0.05,4.9,15.13,,,,,,,,,,,,,,,
142.0,50.0,0.0,62.0,8.3,1.0,0.05,4.9,-9.18,,,,,,,,,,,,,,,
143.0,64.0,8.0,625.0,13.5,10.0,0.05,4.9,7.28,,,,,,,,,,,,,,,
144.0,70.0,12.0,1228.0,16.7,20.0,0.05,4.9,-29.59,,,,,,,,,,,,,,,
145.0,50.0,18.0,1310.0,15.0,20.0,0.05,4.9,15.29,,,,,,,,,,,,,,,
146.0,99.0,9.0,346.0,8.6,0.0,0.05,4.9,22.73,,,,,,,,,,,,,,,
147.0,100.0,17.0,428.0,4.3,0.0,0.05,4.9,14.7,,,,,,,,,,,,,,,
148.0,100.0,13.0,,,,0.05,4.9,9.45,,,,,,,,,,,,,,,
149.0,100.0,9.0,,,,0.05,4.9,22.73,,,,,,,,,,,,,,,
150.0,100.0,9.0,,,,0.05,4.9,-30.33,,,,,,,,,,,,,,,
151.0,97.0,12.0,,,,0.05,4.9,3.16,,,,,,,,,,,,,,,
152.0,100.0,0.0,2000.0,3.0,,0.05,4.9,0.68,,,,,,,,,,,,,,,
153.0,100.0,0.0,2500.0,7.0,,0.05,4.9,19.61,,,,,,,,,,,,,,,
154.0,100.0,0.0,3800.0,1.0,,0.05,4.9,12.55,,,,,,,,,,,,,,,
155.0,100.0,,333.0,8.0,3.0,0.05,4.9,-23.3,,,,,,,,,,,,,,,
156.0,95.0,,1496.0,17.4,30.0,0.05,4.9,12.94,,,,,,,,,,,,,,,
157.0,100.0,,1000.0,5.0,,0.05,4.9,-6.22,,,,,,,,,,,,,,,
158.0,100.0,11.0,,6.0,,0.05,4.9,9.27,,,,,,,,,,,,,,,
159.0,100.0,,394.0,10.9,5.0,0.05,4.9,-20.11,,,,,,,,,,,,,,,
160.0,95.0,,2877.0,18.0,60.0,0.05,4.9,2.39,,,,,,,,,,,,,,,
161.0,99.0,0.0,5900.0,13.0,,0.05,4.9,5.46,,,,,,,,,,,,,,,
162.0,100.0,,3650.0,7.0,,0.05,4.9,2.13,,,,,,,,,,,,,,,
163.0,100.0,0.0,6200.0,14.0,,0.05,4.9,-17.9,,,,,,,,,,,,,,,
164.0,100.0,11.0,569.0,13.9,9.0,0.05,4.9,4.58,,,,,,,,,,,,,,,
165.0,100.0,10.0,425.0,12.4,6.0,0.05,4.9,3.02,,,,,,,,,,,,,,,
166.0,100.0,,,5.0,2.0,0.05,4.9,-12.83,,,,,,,,,,,,,,,
167.0,100.0,0.0,7900.0,13.0,,0.05,4.9,33.89,,,,,,,,,,,,,,,
168.0,99.5,13.0,1520.0,17.4,31.0,0.05,4.9,-5.2,,,,,,,,,,,,,,,
169.0,99.5,,,12.5,,0.05,4.9,-30.9,,,,,,,,,,,,,,,
170.0,99.0,14.0,735.0,14.0,,0.05,4.9,-16.14,,,,,,,,,,,,,,,
171.0,70.0,8.0,1526.0,17.3,30.0,0.05,4.9,1.12,,,,,,,,,,,,,,,
172.0,99.5,0.0,2000.0,15.0,10.0,0.05,4.9,-11.0,,,,,,,,,,,,,,,
173.0,99.5,0.0,5800.0,8.0,20.0,0.05,4.9,4.15,,,,,,,,,,,,,,,
174.0,35.0,,,,,0.05,4.9,29.98,,,,,,,,,,,,,,,
175.0,85.0,9.0,1338.71,,,0.05,4.9,-23.05,,,,,,,,,,,,,,,
176.0,99.5,17.0,,5.0,,0.05,4.9,43.61,,,,,,,,,,,,,,,
177.0,40.0,21.0,,,,0.05,4.9,15.9,,,,,,,,,,,,,,,
178.0,99.9,13.0,244.05,3.7,1.0,0.5,4.9,95.22,,,,,,,,,,,,,,,
179.0,99.5,13.0,508.35,12.3,7.0,0.5,4.9,25.02,,,,,,,,,,,,,,,
180.0,99.5,12.0,650.5,13.5,10.0,0.5,4.9,44.87,,,,,,,,,,,,,,,
181.0,99.5,18.0,500.25,8.5,5.0,0.5,4.9,42.48,,,,,,,,,,,,,,,
182.0,99.0,18.0,2047.0,17.3,40.0,0.5,4.9,51.68,,,,,,,,,,,,,,,
183.0,99.0,55.0,9740.0,18.0,200.0,0.5,4.9,61.53,,,,,,,,,,,,,,,
184.0,99.5,55.0,2692.0,13.0,40.0,0.5,4.9,48.42,,,,,,,,,,,,,,,
185.0,97.0,55.0,2692.0,14.0,40.0,0.5,4.9,13.33,,,,,,,,,,,,,,,
186.0,90.0,13.0,684.55,14.0,11.0,0.5,4.9,38.64,,,,,,,,,,,,,,,
187.0,99.5,17.0,744.55,13.0,11.0,0.5,4.9,50.28,,,,,,,,,,,,,,,
188.0,99.5,17.0,1361.25,16.1,25.0,0.5,4.9,54.69,,,,,,,,,,,,,,,
189.0,99.5,17.0,2462.5,17.9,50.0,0.5,4.9,58.23,,,,,,,,,,,,,,,
190.0,99.0,17.0,3784.0,20.0,80.0,0.5,4.9,40.4,,,,,,,,,,,,,,,
191.0,99.8,10.0,270.125,8.1,2.5,0.5,4.9,35.94,,,,,,,,,,,,,,,
192.0,99.5,10.0,424.3,12.5,6.0,0.5,4.9,41.3,,,,,,,,,,,,,,,
193.0,99.0,13.0,1962.0,18.0,40.0,0.5,4.9,28.82,,,,,,,,,,,,,,,
194.0,99.5,13.0,640.5,13.6,10.0,0.5,4.9,19.39,,,,,,,,,,,,,,,
195.0,99.5,0.0,3300.0,4.5,8.0,0.5,4.9,31.88,,,,,,,,,,,,,,,
196.0,99.5,0.0,1100.0,4.0,8.0,0.5,4.9,12.23,,,,,,,,,,,,,,,
197.0,99.5,0.0,1900.0,21.5,20.0,0.5,4.9,11.91,,,,,,,,,,,,,,,
198.0,99.5,0.0,8400.0,24.0,164.0,0.5,4.9,21.69,,,,,,,,,,,,,,,
199.0,99.5,0.0,14600.0,24.0,272.0,0.5,4.9,28.77,,,,,,,,,,,,,,,
200.0,99.5,0.0,12600.0,21.5,190.0,0.5,4.9,40.27,,,,,,,,,,,,,,,
201.0,50.0,0.0,62.0,8.3,1.0,0.5,4.9,9.92,,,,,,,,,,,,,,,
202.0,64.0,8.0,625.0,13.5,9.5,0.5,4.9,14.23,,,,,,,,,,,,,,,
203.0,70.0,12.0,1228.0,16.7,20.0,0.5,4.9,66.16,,,,,,,,,,,,,,,
204.0,50.0,18.0,1310.0,15.0,20.0,0.5,4.9,66.73,,,,,,,,,,,,,,,
205.0,99.0,9.0,346.0,8.6,0.0,0.5,4.9,46.3,,,,,,,,,,,,,,,
206.0,100.0,17.0,428.0,4.3,0.0,0.5,4.9,46.06,,,,,,,,,,,,,,,
207.0,100.0,13.0,,,,0.5,4.9,91.29,,,,,,,,,,,,,,,
208.0,100.0,9.0,,,,0.5,4.9,33.43,,,,,,,,,,,,,,,
209.0,100.0,9.0,,,,0.5,4.9,59.83,,,,,,,,,,,,,,,
210.0,97.0,12.0,,,,0.5,4.9,52.22,,,,,,,,,,,,,,,
211.0,100.0,0.0,2000.0,3.0,,0.5,4.9,24.86,,,,,,,,,,,,,,,
212.0,100.0,0.0,2500.0,7.0,,0.5,4.9,12.71,,,,,,,,,,,,,,,
213.0,100.0,0.0,3800.0,1.0,,0.5,4.9,44.41,,,,,,,,,,,,,,,
214.0,100.0,,333.0,8.0,3.0,0.5,4.9,22.57,,,,,,,,,,,,,,,
215.0,95.0,,1496.0,17.4,30.0,0.5,4.9,31.61,,,,,,,,,,,,,,,
216.0,100.0,,1000.0,5.0,,0.5,4.9,27.99,,,,,,,,,,,,,,,
217.0,100.0,11.0,,6.0,,0.5,4.9,31.57,,,,,,,,,,,,,,,
218.0,100.0,,394.0,10.9,5.0,0.5,4.9,-12.27,,,,,,,,,,,,,,,
219.0,95.0,,2877.0,18.0,60.0,0.5,4.9,24.06,,,,,,,,,,,,,,,
220.0,99.0,0.0,5900.0,13.0,,0.5,4.9,48.7,,,,,,,,,,,,,,,
221.0,100.0,,3650.0,7.0,,0.5,4.9,71.54,,,,,,,,,,,,,,,
222.0,100.0,0.0,6200.0,14.0,,0.5,4.9,32.75,,,,,,,,,,,,,,,
223.0,100.0,11.0,569.0,13.9,9.0,0.5,4.9,38.09,,,,,,,,,,,,,,,
224.0,100.0,10.0,425.0,12.4,6.0,0.5,4.9,30.27,,,,,,,,,,,,,,,
225.0,100.0,,,5.0,2.0,0.5,4.9,23.57,,,,,,,,,,,,,,,
226.0,100.0,0.0,7900.0,13.0,,0.5,4.9,34.52,,,,,,,,,,,,,,,
227.0,99.5,13.0,1520.0,17.4,31.0,0.5,4.9,29.57,,,,,,,,,,,,,,,
228.0,99.5,,,12.5,,0.5,4.9,10.59,,,,,,,,,,,,,,,
229.0,99.0,14.0,735.0,14.0,,0.5,4.9,31.86,,,,,,,,,,,,,,,
230.0,70.0,8.0,1526.0,17.3,30.0,0.5,4.9,50.11,,,,,,,,,,,,,,,
231.0,99.5,0.0,2000.0,15.0,10.0,0.5,4.9,35.54,,,,,,,,,,,,,,,
232.0,99.5,0.0,5800.0,8.0,20.0,0.5,4.9,27.15,,,,,,,,,,,,,,,
233.0,35.0,,,,,0.5,4.9,17.41,,,,,,,,,,,,,,,
234.0,85.0,9.0,1338.7071,,,0.5,4.9,15.88,,,,,,,,,,,,,,,
235.0,99.5,17.0,,5.0,,0.5,4.9,23.77,,,,,,,,,,,,,,,
236.0,40.0,21.0,,,,0.5,4.9,87.5,,,,,,,,,,,,,,,
237.0,99.9,13.0,244.05,3.7,1.0,0.1,4.9,64.98,,,,,,,,,,,,,,,
238.0,99.5,13.0,508.35,12.3,7.0,0.1,4.9,63.3,,,,,,,,,,,,,,,
239.0,99.5,12.0,650.5,13.5,10.0,0.1,4.9,76.96,,,,,,,,,,,,,,,
240.0,99.5,18.0,500.25,8.5,5.0,0.1,4.9,57.05,,,,,,,,,,,,,,,
241.0,99.0,18.0,2047.0,17.3,40.0,0.1,4.9,56.65,,,,,,,,,,,,,,,
242.0,99.0,55.0,9740.0,18.0,200.0,0.1,4.9,65.15,,,,,,,,,,,,,,,
243.0,99.5,55.0,2692.0,13.0,40.0,0.1,4.9,31.41,,,,,,,,,,,,,,,
244.0,97.0,55.0,2692.0,14.0,40.0,0.1,4.9,51.46,,,,,,,,,,,,,,,
245.0,90.0,13.0,684.55,14.0,11.0,0.1,4.9,91.13,,,,,,,,,,,,,,,
246.0,99.5,17.0,744.55,13.0,11.0,0.1,4.9,22.39,,,,,,,,,,,,,,,
247.0,99.5,17.0,1361.25,16.1,25.0,0.1,4.9,24.17,,,,,,,,,,,,,,,
248.0,99.5,17.0,2462.5,17.9,50.0,0.1,4.9,63.02,,,,,,,,,,,,,,,
249.0,99.0,17.0,3784.0,20.0,80.0,0.1,4.9,94.04,,,,,,,,,,,,,,,
250.0,99.8,10.0,270.125,8.1,2.5,0.1,4.9,76.84,,,,,,,,,,,,,,,
251.0,99.5,10.0,424.3,12.5,6.0,0.1,4.9,-25.5,,,,,,,,,,,,,,,
252.0,99.0,13.0,1962.0,18.0,40.0,0.1,4.9,62.62,,,,,,,,,,,,,,,
253.0,99.5,13.0,640.5,13.6,10.0,0.1,4.9,43.24,,,,,,,,,,,,,,,
254.0,99.5,0.0,3300.0,4.5,8.0,0.1,4.9,88.47,,,,,,,,,,,,,,,
255.0,99.5,0.0,1100.0,4.0,8.0,0.1,4.9,45.24,,,,,,,,,,,,,,,
256.0,99.5,0.0,1900.0,21.5,20.0,0.1,4.9,32.59,,,,,,,,,,,,,,,
257.0,99.5,0.0,8400.0,24.0,164.0,0.1,4.9,-16.67,,,,,,,,,,,,,,,
258.0,99.5,0.0,14600.0,24.0,272.0,0.1,4.9,-51.66,,,,,,,,,,,,,,,
259.0,99.5,0.0,12600.0,21.5,190.0,0.1,4.9,54.75,,,,,,,,,,,,,,,
260.0,50.0,0.0,62.0,8.3,1.0,0.1,4.9,,,,,,,,,,,,,,,,
261.0,64.0,8.0,625.0,13.5,9.5,0.1,4.9,66.84,,,,,,,,,,,,,,,
262.0,70.0,12.0,1228.0,16.7,20.0,0.1,4.9,95.39,,,,,,,,,,,,,,,
263.0,50.0,18.0,1310.0,15.0,20.0,0.1,4.9,72.63,,,,,,,,,,,,,,,
264.0,99.0,9.0,346.0,8.6,0.0,0.1,4.9,22.44,,,,,,,,,,,,,,,
265.0,100.0,17.0,428.0,4.3,0.0,0.1,4.9,29.49,,,,,,,,,,,,,,,
266.0,100.0,13.0,,,,0.1,4.9,,,,,,,,,,,,,,,,
267.0,100.0,9.0,,,,0.1,4.9,,,,,,,,,,,,,,,,
268.0,100.0,9.0,,,,0.1,4.9,,,,,,,,,,,,,,,,
269.0,97.0,12.0,,,,0.1,4.9,,,,,,,,,,,,,,,,
270.0,100.0,0.0,2000.0,3.0,,0.1,4.9,91.49,,,,,,,,,,,,,,,
271.0,100.0,0.0,2500.0,7.0,,0.1,4.9,57.92,,,,,,,,,,,,,,,
272.0,100.0,0.0,3800.0,1.0,,0.1,4.9,79.68,,,,,,,,,,,,,,,
273.0,100.0,,333.0,8.0,3.0,0.1,4.9,19.73,,,,,,,,,,,,,,,
274.0,95.0,,1496.0,17.4,30.0,0.1,4.9,90.72,,,,,,,,,,,,,,,
275.0,100.0,,1000.0,5.0,,0.1,4.9,77.4,,,,,,,,,,,,,,,
276.0,100.0,11.0,,6.0,,0.1,4.9,93.27,,,,,,,,,,,,,,,
277.0,100.0,,394.0,10.9,5.0,0.1,4.9,,,,,,,,,,,,,,,,
278.0,95.0,,2877.0,18.0,60.0,0.1,4.9,58.97,,,,,,,,,,,,,,,
279.0,99.0,0.0,5900.0,13.0,,0.1,4.9,84.27,,,,,,,,,,,,,,,
280.0,100.0,,3650.0,7.0,,0.1,4.9,83.86,,,,,,,,,,,,,,,
281.0,100.0,0.0,6200.0,14.0,,0.1,4.9,45.36,,,,,,,,,,,,,,,
282.0,100.0,11.0,569.0,13.9,9.0,0.1,4.9,48.12,,,,,,,,,,,,,,,
283.0,100.0,10.0,425.0,12.4,6.0,0.1,4.9,12.2,,,,,,,,,,,,,,,
284.0,100.0,,,5.0,2.0,0.1,4.9,72.68,,,,,,,,,,,,,,,
285.0,100.0,0.0,7900.0,13.0,,0.1,4.9,94.04,,,,,,,,,,,,,,,
286.0,99.5,13.0,1520.0,17.4,31.0,0.1,4.9,8.29,,,,,,,,,,,,,,,
287.0,99.5,,,12.5,,0.1,4.9,83.08,,,,,,,,,,,,,,,
288.0,99.0,14.0,735.0,14.0,,0.1,4.9,88.91,,,,,,,,,,,,,,,
289.0,70.0,8.0,1526.0,17.3,30.0,0.1,4.9,53.62,,,,,,,,,,,,,,,
290.0,99.5,0.0,2000.0,15.0,10.0,0.1,4.9,55.94,,,,,,,,,,,,,,,
291.0,99.5,0.0,5800.0,8.0,20.0,0.1,4.9,88.48,,,,,,,,,,,,,,,
292.0,35.0,,,,,0.1,4.9,69.12,,,,,,,,,,,,,,,
293.0,85.0,9.0,1338.7071,,,0.1,4.9,74.28,,,,,,,,,,,,,,,
294.0,99.5,17.0,,5.0,,0.1,4.9,77.37,,,,,,,,,,,,,,,
295.0,40.0,21.0,,,,0.1,4.9,40.92,,,,,,,,,,,,,,,
,,,,,,,4.9,,,,,,,,,,,,,,,,
,,,,,,,4.9,,,,,,,,,,,,,,,,
,,,,,,,4.9,,,,,,,,,,,,,,,,
,,,,,,,4.9,,,,,,,,,,,,,,,,
,,,,,,,4.9,,,,,,,,,,,,,,,,
,,,,,,,4.9,,,,,,,,,,,,,,,,
,,,,,,,4.9,,,,,,,,,,,,,,,,
,,,,,,,4.9,,,,,,,,,,,,,,,,
,,,,,,,4.9,,,,,,,,,,,,,,,,
,,,,,,,4.9,,,,,,,,,,,,,,,,
,,,,,,,4.9,,,,,,,,,,,,,,,,
,,,,,,,4.9,,,,,,,,,,,,,,,,
,,,,,,,4.9,,,,,,,,,,,,,,,,
,,,,,,,4.9,,,,,,,,,,,,,,,,
,,,,,,,4.9,,,,,,,,,,,,,,,,
,,,,,,,4.9,,,,,,,,,,,,,,,,
,,,,,,,4.9,,,,,,,,,,,,,,,,
,,,,,,,4.9,,,,,,,,,,,,,,,,
,,,,,,,4.9,,,,,,,,,,,,,,,,
,,,,,,,4.9,,,,,,,,,,,,,,,,
,,,,,,,4.9,,,,,,,,,,,,,,,,
,,,,,,,4.9,,,,,,,,,,,,,,,,
,,,,,,,4.9,,,,,,,,,,,,,,,,
,,,,,,,4.9,,,,,,,,,,,,,,,,
,,,,,,,4.9,,,,,,,,,,,,,,,,
,,,,,,,4.9,,,,,,,,,,,,,,,,
,,,,,,,4.9,,,,,,,,,,,,,,,,
,,,,,,,4.9,,,,,,,,,,,,,,,,
,,,,,,,4.9,,,,,,,,,,,,,,,,
,,,,,,,4.9,,,,,,,,,,,,,,,,
,,,,,,,4.9,,,,,,,,,,,,,,,,
,,,,,,,4.9,,,,,,,,,,,,,,,,
,,,,,,,4.9,,,,,,,,,,,,,,,,
,,,,,,,4.9,,,,,,,,,,,,,,,,
,,,,,,,4.9,,,,,,,,,,,,,,,,
,,,,,,,4.9,,,,,,,,,,,,,,,,
,,,,,,,4.9,,,,,,,,,,,,,,,,
,,,,,,,4.9,,,,,,,,,,,,,,,,
,,,,,,,4.9,,,,,,,,,,,,,,,,
,,,,,,,4.9,,,,,,,,,,,,,,,,
,,,,,,,4.9,,,,,,,,,,,,,,,,
,,,,,,,4.9,,,,,,,,,,,,,,,,
,,,,,,,4.9,,,,,,,,,,,,,,,,
,,,,,,,4.9,,,,,,,,,,,,,,,,
,,,,,,,4.9,,,,,,,,,,,,,,,,
,,,,,,,4.9,,,,,,,,,,,,,,,,
,,,,,,,4.9,,,,,,,,,,,,,,,,
,,,,,,,4.9,,,,,,,,,,,,,,,,
,,,,,,,4.9,,,,,,,,,,,,,,,,
,,,,,,,4.9,,,,,,,,,,,,,,,,
,,,,,,,4.9,,,,,,,,,,,,,,,,
,,,,,,,4.9,,,,,,,,,,,,,,,,
,,,,,,,4.9,,,,,,,,,,,,,,,,
,,,,,,,4.9,,,,,,,,,,,,,,,,
,,,,,,,4.9,,,,,,,,,,,,,,,,
,,,,,,,4.9,,,,,,,,,,,,,,,,
,,,,,,,4.9,,,,,,,,,,,,,,,,
,,,,,,,4.9,,,,,,,,,,,,,,,,
,,,,,,,4.9,,,,,,,,,,,,,,,,
,,,,,,,4.9,,,,,,,,,,,,,,,,
,,,,,,,4.9,,,,,,,,,,,,,,,,
,,,,,,,4.9,,,,,,,,,,,,,,,,
,,,,,,,4.9,,,,,,,,,,,,,,,,
,,,,,,,4.9,,,,,,,,,,,,,,,,
,,,,,,,4.9,,,,,,,,,,,,,,,,
,,,,,,,4.9,,,,,,,,,,,,,,,,
,,,,,,,4.9,,,,,,,,,,,,,,,,
,,,,,,,4.9,,,,,,,,,,,,,,,,
,,,,,,,4.9,,,,,,,,,,,,,,,,
,,,,,,,4.9,,,,,,,,,,,,,,,,
,,,,,,,4.9,,,,,,,,,,,,,,,,
,,,,,,,4.9,,,,,,,,,,,,,,,,
,,,,,,,4.9,,,,,,,,,,,,,,,,
,,,,,,,4.9,,,,,,,,,,,,,,,,
,,,,,,,4.9,,,,,,,,,,,,,,,,
,,,,,,,4.9,,,,,,,,,,,,,,,,
,,,,,,,4.9,,,,,,,,,,,,,,,,
,,,,,,,4.9,,,,,,,,,,,,,,,,
,,,,,,,4.9,,,,,,,,,,,,,,,,
,,,,,,,4.9,,,,,,,,,,,,,,,,
,,,,,,,4.9,,,,,,,,,,,,,,,,
,,,,,,,4.9,,,,,,,,,,,,,,,,
,,,,,,,4.9,,,,,,,,,,,,,,,,
,,,,,,,4.9,,,,,,,,,,,,,,,,
,,,,,,,4.9,,,,,,,,,,,,,,,,
,,,,,,,4.9,,,,,,,,,,,,,,,,
,,,,,,,4.9,,,,,,,,,,,,,,,,
,,,,,,,4.9,,,,,,,,,,,,,,,,
,,,,,,,4.9,,,,,,,,,,,,,,,,
,,,,,,,4.9,,,,,,,,,,,,,,,,
,,,,,,,4.9,,,,,,,,,,,,,,,,
,,,,,,,4.9,,,,,,,,,,,,,,,,
,,,,,,,4.9,,,,,,,,,,,,,,,,
,,,,,,,4.9,,,,,,,,,,,,,,,,
,,,,,,,4.9,,,,,,,,,,,,,,,,
,,,,,,,4.9,,,,,,,,,,,,,,,,
,,,,,,,4.9,,,,,,,,,,,,,,,,
,,,,,,,4.9,,,,,,,,,,,,,,,,
,,,,,,,4.9,,,,,,,,,,,,,,,,
,,,,,,,4.9,,,,,,,,,,,,,,,,
,,,,,,,4.9,,,,,,,,,,,,,,,,
,,,,,,,4.9,,,,,,,,,,,,,,,,
,,,,,,,4.9,,,,,,,,,,,,,,,,
,,,,,,,4.9,,,,,,,,,,,,,,,,
,,,,,,,4.9,,,,,,,,,,,,,,,,
,,,,,,,4.9,,,,,,,,,,,,,,,,
,,,,,,,4.9,,,,,,,,,,,,,,,,
,,,,,,,4.9,,,,,,,,,,,,,,,,
,,,,,,,4.9,,,,,,,,,,,,,,,,
,,,,,,,4.9,,,,,,,,,,,,,,,,
,,,,,,,4.9,,,,,,,,,,,,,,,,
,,,,,,,4.9,,,,,,,,,,,,,,,,
,,,,,,,4.9,,,,,,,,,,,,,,,,
,,,,,,,4.9,,,,,,,,,,,,,,,,
,,,,,,,4.9,,,,,,,,,,,,,,,,
,,,,,,,4.9,,,,,,,,,,,,,,,,
,,,,,,,4.9,,,,,,,,,,,,,,,,
,,,,,,,4.9,,,,,,,,,,,,,,,,
,,,,,,,4.9,,,,,,,,,,,,,,,,
,,,,,,,4.9,,,,,,,,,,,,,,,,
,,,,,,,4.9,,,,,,,,,,,,,,,,
,,,,,,,4.9,,,,,,,,,,,,,,,,
,,,,,,,4.9,,,,,,,,,,,,,,,,
,,,,,,,4.9,,,,,,,,,,,,,,,,
,,,,,,,4.9,,,,,,,,,,,,,,,,
,,,,,,,4.9,,,,,,,,,,,,,,,,
,,,,,,,4.9,,,,,,,,,,,,,,,,
,,,,,,,4.9,,,,,,,,,,,,,,,,
,,,,,,,4.9,,,,,,,,,,,,,,,,
,,,,,,,4.9,,,,,,,,,,,,,,,,
,,,,,,,4.9,,,,,,,,,,,,,,,,
,,,,,,,4.9,,,,,,,,,,,,,,,,
,,,,,,,4.9,,,,,,,,,,,,,,,,
,,,,,,,4.9,,,,,,,,,,,,,,,,
,,,,,,,4.9,,,,,,,,,,,,,,,,
,,,,,,,4.9,,,,,,,,,,,,,,,,
,,,,,,,4.9,,,,,,,,,,,,,,,,
,,,,,,,4.9,,,,,,,,,,,,,,,,
,,,,,,,4.9,,,,,,,,,,,,,,,,
,,,,,,,4.9,,,,,,,,,,,,,,,,
,,,,,,,4.9,,,,,,,,,,,,,,,,
,,,,,,,4.9,,,,,,,,,,,,,,,,
,,,,,,,4.9,,,,,,,,,,,,,,,,
,,,,,,,4.9,,,,,,,,,,,,,,,,
,,,,,,,4.9,,,,,,,,,,,,,,,,
,,,,,,,4.9,,,,,,,,,,,,,,,,
,,,,,,,4.9,,,,,,,,,,,,,,,,
,,,,,,,4.9,,,,,,,,,,,,,,,,
,,,,,,,4.9,,,,,,,,,,,,,,,,
,,,,,,,4.9,,,,,,,,,,,,,,,,
,,,,,,,4.9,,,,,,,,,,,,,,,,
,,,,,,,4.9,,,,,,,,,,,,,,,,
,,,,,,,4.9,,,,,,,,,,,,,,,,
,,,,,,,4.9,,,,,,,,,,,,,,,,
,,,,,,,4.9,,,,,,,,,,,,,,,,
,,,,,,,4.9,,,,,,,,,,,,,,,,
,,,,,,,4.9,,,,,,,,,,,,,,,,
,,,,,,,4.9,,,,,,,,,,,,,,,,
,,,,,,,4.9,,,,,,,,,,,,,,,,
,,,,,,,4.9,,,,,,,,,,,,,,,,
,,,,,,,4.9,,,,,,,,,,,,,,,,
,,,,,,,4.9,,,,,,,,,,,,,,,,
,,,,,,,4.9,,,,,,,,,,,,,,,,
,,,,,,,4.9,,,,,,,,,,,,,,,,
,,,,,,,4.9,,,,,,,,,,,,,,,,
,,,,,,,4.9,,,,,,,,,,,,,,,,
,,,,,,,4.9,,,,,,,,,,,,,,,,
,,,,,,,4.9,,,,,,,,,,,,,,,,
,,,,,,,4.9,,,,,,,,,,,,,,,,
,,,,,,,4.9,,,,,,,,,,,,,,,,
,,,,,,,4.9,,,,,,,,,,,,,,,,
,,,,,,,4.9,,,,,,,,,,,,,,,,
,,,,,,,4.9,,,,,,,,,,,,,,,,
,,,,,,,4.9,,,,,,,,,,,,,,,,
,,,,,,,4.9,,,,,,,,,,,,,,,,
,,,,,,,4.9,,,,,,,,,,,,,,,,
,,,,,,,4.9,,,,,,,,,,,,,,,,
,,,,,,,4.9,,,,,,,,,,,,,,,,
,,,,,,,4.9,,,,,,,,,,,,,,,,
,,,,,,,4.9,,,,,,,,,,,,,,,,
,,,,,,,4.9,,,,,,,,,,,,,,,,
,,,,,,,4.9,,,,,,,,,,,,,,,,
,,,,,,,4.9,,,,,,,,,,,,,,,,
,,,,,,,4.9,,,,,,,,,,,,,,,,
,,,,,,,4.9,,,,,,,,,,,,,,,,
,,,,,,,4.9,,,,,,,,,,,,,,,,
,,,,,,,4.9,,,,,,,,,,,,,,,,
,,,,,,,4.9,,,,,,,,,,,,,,,,
,,,,,,,4.9,,,,,,,,,,,,,,,,
,,,,,,,4.9,,,,,,,,,,,,,,,,
,,,,,,,4.9,,,,,,,,,,,,,,,,
,,,,,,,4.9,,,,,,,,,,,,,,,,
,,,,,,,4.9,,,,,,,,,,,,,,,,
,,,,,,,4.9,,,,,,,,,,,,,,,,
,,,,,,,4.9,,,,,,,,,,,,,,,,
,,,,,,,4.9,,,,,,,,,,,,,,,,
,,,,,,,4.9,,,,,,,,,,,,,,,,
,,,,,,,4.9,,,,,,,,,,,,,,,,
,,,,,,,4.9,,,,,,,,,,,,,,,,
,,,,,,,4.9,,,,,,,,,,,,,,,,
,,,,,,,4.9,,,,,,,,,,,,,,,,
,,,,,,,4.9,,,,,,,,,,,,,,,,
,,,,,,,4.9,,,,,,,,,,,,,,,,
,,,,,,,4.9,,,,,,,,,,,,,,,,
,,,,,,,4.9,,,,,,,,,,,,,,,,
,,,,,,,4.9,,,,,,,,,,,,,,,,
,,,,,,,4.9,,,,,,,,,,,,,,,,
,,,,,,,4.9,,,,,,,,,,,,,,,,
,,,,,,,4.9,,,,,,,,,,,,,,,,
,,,,,,,4.9,,,,,,,,,,,,,,,,
,,,,,,,4.9,,,,,,,,,,,,,,,,
,,,,,,,4.9,,,,,,,,,,,,,,,,
,,,,,,,4.9,,,,,,,,,,,,,,,,
,,,,,,,4.9,,,,,,,,,,,,,,,,
,,,,,,,4.9,,,,,,,,,,,,,,,,
,,,,,,,4.9,,,,,,,,,,,,,,,,
,,,,,,,4.9,,,,,,,,,,,,,,,,
,,,,,,,4.9,,,,,,,,,,,,,,,,
,,,,,,,4.9,,,,,,,,,,,,,,,,
,,,,,,,4.9,,,,,,,,,,,,,,,,
,,,,,,,4.9,,,,,,,,,,,,,,,,
,,,,,,,4.9,,,,,,,,,,,,,,,,
,,,,,,,4.9,,,,,,,,,,,,,,,,
,,,,,,,4.9,,,,,,,,,,,,,,,,
,,,,,,,4.9,,,,,,,,,,,,,,,,
,,,,,,,4.9,,,,,,,,,,,,,,,,
,,,,,,,4.9,,,,,,,,,,,,,,,,
,,,,,,,4.9,,,,,,,,,,,,,,,,
,,,,,,,4.9,,,,,,,,,,,,,,,,
,,,,,,,4.9,,,,,,,,,,,,,,,,
,,,,,,,4.9,,,,,,,,,,,,,,,,
,,,,,,,4.9,,,,,,,,,,,,,,,,
,,,,,,,4.9,,,,,,,,,,,,,,,,
,,,,,,,4.9,,,,,,,,,,,,,,,,
,,,,,,,4.9,,,,,,,,,,,,,,,,
,,,,,,,4.9,,,,,,,,,,,,,,,,
,,,,,,,4.9,,,,,,,,,,,,,,,,
,,,,,,,4.9,,,,,,,,,,,,,,,,
,,,,,,,4.9,,,,,,,,,,,,,,,,
,,,,,,,4.9,,,,,,,,,,,,,,,,
,,,,,,,4.9,,,,,,,,,,,,,,,,
,,,,,,,4.9,,,,,,,,,,,,,,,,
,,,,,,,4.9,,,,,,,,,,,,,,,,
,,,,,,,4.9,,,,,,,,,,,,,,,,
,,,,,,,4.9,,,,,,,,,,,,,,,,
,,,,,,,4.9,,,,,,,,,,,,,,,,
,,,,,,,4.9,,,,,,,,,,,,,,,,
,,,,,,,4.9,,,,,,,,,,,,,,,,
,,,,,,,4.9,,,,,,,,,,,,,,,,
,,,,,,,4.9,,,,,,,,,,,,,,,,
,,,,,,,4.9,,,,,,,,,,,,,,,,
,,,,,,,4.9,,,,,,,,,,,,,,,,
,,,,,,,4.9,,,,,,,,,,,,,,,,
,,,,,,,4.9,,,,,,,,,,,,,,,,
,,,,,,,4.9,,,,,,,,,,,,,,,,
,,,,,,,4.9,,,,,,,,,,,,,,,,
,,,,,,,4.9,,,,,,,,,,,,,,,,
,,,,,,,4.9,,,,,,,,,,,,,,,,
,,,,,,,4.9,,,,,,,,,,,,,,,,
,,,,,,,4.9,,,,,,,,,,,,,,,,
,,,,,,,4.9,,,,,,,,,,,,,,,,
,,,,,,,4.9,,,,,,,,,,,,,,,,
,,,,,,,4.9,,,,,,,,,,,,,,,,
,,,,,,,4.9,,,,,,,,,,,,,,,,
,,,,,,,4.9,,,,,,,,,,,,,,,,
,,,,,,,4.9,,,,,,,,,,,,,,,,
,,,,,,,4.9,,,,,,,,,,,,,,,,
,,,,,,,4.9,,,,,,,,,,,,,,,,
,,,,,,,4.9,,,,,,,,,,,,,,,,
,,,,,,,4.9,,,,,,,,,,,,,,,,
,,,,,,,4.9,,,,,,,,,,,,,,,,
,,,,,,,4.9,,,,,,,,,,,,,,,,
,,,,,,,4.9,,,,,,,,,,,,,,,,
,,,,,,,4.9,,,,,,,,,,,,,,,,
,,,,,,,4.9,,,,,,,,,,,,,,,,
,,,,,,,4.9,,,,,,,,,,,,,,,,
,,,,,,,4.9,,,,,,,,,,,,,,,,
,,,,,,,4.9,,,,,,,,,,,,,,,,
,,,,,,,4.9,,,,,,,,,,,,,,,,
,,,,,,,4.9,,,,,,,,,,,,,,,,
,,,,,,,4.9,,,,,,,,,,,,,,,,
,,,,,,,4.9,,,,,,,,,,,,,,,,
,,,,,,,4.9,,,,,,,,,,,,,,,,
,,,,,,,4.9,,,,,,,,,,,,,,,,
,,,,,,,4.9,,,,,,,,,,,,,,,,
,,,,,,,4.9,,,,,,,,,,,,,,,,
,,,,,,,4.9,,,,,,,,,,,,,,,,
,,,,,,,4.9,,,,,,,,,,,,,,,,
,,,,,,,4.9,,,,,,,,,,,,,,,,
,,,,,,,4.9,,,,,,,,,,,,,,,,
,,,,,,,4.9,,,,,,,,,,,,,,,,
,,,,,,,4.9,,,,,,,,,,,,,,,,
,,,,,,,4.9,,,,,,,,,,,,,,,,
,,,,,,,4.9,,,,,,,,,,,,,,,,
,,,,,,,4.9,,,,,,,,,,,,,,,,
,,,,,,,4.9,,,,,,,,,,,,,,,,
,,,,,,,4.9,,,,,,,,,,,,,,,,
,,,,,,,4.9,,,,,,,,,,,,,,,,
,,,,,,,4.9,,,,,,,,,,,,,,,,
,,,,,,,4.9,,,,,,,,,,,,,,,,
,,,,,,,4.9,,,,,,,,,,,,,,,,
,,,,,,,4.9,,,,,,,,,,,,,,,,
,,,,,,,4.9,,,,,,,,,,,,,,,,
,,,,,,,4.9,,,,,,,,,,,,,,,,
,,,,,,,4.9,,,,,,,,,,,,,,,,
,,,,,,,4.9,,,,,,,,,,,,,,,,
,,,,,,,4.9,,,,,,,,,,,,,,,,
,,,,,,,4.9,,,,,,,,,,,,,,,,
,,,,,,,4.9,,,,,,,,,,,,,,,,
,,,,,,,4.9,,,,,,,,,,,,,,,,
,,,,,,,4.9,,,,,,,,,,,,,,,,
,,,,,,,4.9,,,,,,,,,,,,,,,,
,,,,,,,4.9,,,,,,,,,,,,,,,,
,,,,,,,4.9,,,,,,,,,,,,,,,,
,,,,,,,4.9,,,,,,,,,,,,,,,,
,,,,,,,4.9,,,,,,,,,,,,,,,,
,,,,,,,4.9,,,,,,,,,,,,,,,,
,,,,,,,4.9,,,,,,,,,,,,,,,,
,,,,,,,4.9,,,,,,,,,,,,,,,,
,,,,,,,4.9,,,,,,,,,,,,,,,,
,,,,,,,4.9,,,,,,,,,,,,,,,,
,,,,,,,4.9,,,,,,,,,,,,,,,,
,,,,,,,4.9,,,,,,,,,,,,,,,,
,,,,,,,4.9,,,,,,,,,,,,,,,,
,,,,,,,4.9,,,,,,,,,,,,,,,,
,,,,,,,4.9,,,,,,,,,,,,,,,,
,,,,,,,4.9,,,,,,,,,,,,,,,,
,,,,,,,4.9,,,,,,,,,,,,,,,,
,,,,,,,4.9,,,,,,,,,,,,,,,,
,,,,,,,4.9,,,,,,,,,,,,,,,,
,,,,,,,4.9,,,,,,,,,,,,,,,,
,,,,,,,4.9,,,,,,,,,,,,,,,,
,,,,,,,4.9,,,,,,,,,,,,,,,,
,,,,,,,4.9,,,,,,,,,,,,,,,,
,,,,,,,4.9,,,,,,,,,,,,,,,,
,,,,,,,4.9,,,,,,,,,,,,,,,,
,,,,,,,4.9,,,,,,,,,,,,,,,,
,,,,,,,4.9,,,,,,,,,,,,,,,,
,,,,,,,4.9,,,,,,,,,,,,,,,,
,,,,,,,4.9,,,,,,,,,,,,,,,,
,,,,,,,4.9,,,,,,,,,,,,,,,,
,,,,,,,4.9,,,,,,,,,,,,,,,,
,,,,,,,4.9,,,,,,,,,,,,,,,,
,,,,,,,4.9,,,,,,,,,,,,,,,,
,,,,,,,4.9,,,,,,,,,,,,,,,,
,,,,,,,4.9,,,,,,,,,,,,,,,,
,,,,,,,4.9,,,,,,,,,,,,,,,,
,,,,,,,4.9,,,,,,,,,,,,,,,,
,,,,,,,4.9,,,,,,,,,,,,,,,,
,,,,,,,4.9,,,,,,,,,,,,,,,,
,,,,,,,4.9,,,,,,,,,,,,,,,,
,,,,,,,4.9,,,,,,,,,,,,,,,,
,,,,,,,4.9,,,,,,,,,,,,,,,,
,,,,,,,4.9,,,,,,,,,,,,,,,,
,,,,,,,4.9,,,,,,,,,,,,,,,,
,,,,,,,4.9,,,,,,,,,,,,,,,,
,,,,,,,4.9,,,,,,,,,,,,,,,,
,,,,,,,4.9,,,,,,,,,,,,,,,,
,,,,,,,4.9,,,,,,,,,,,,,,,,
,,,,,,,4.9,,,,,,,,,,,,,,,,
,,,,,,,4.9,,,,,,,,,,,,,,,,
,,,,,,,4.9,,,,,,,,,,,,,,,,
,,,,,,,4.9,,,,,,,,,,,,,,,,
,,,,,,,4.9,,,,,,,,,,,,,,,,
,,,,,,,4.9,,,,,,,,,,,,,,,,
,,,,,,,4.9,,,,,,,,,,,,,,,,
,,,,,,,4.9,,,,,,,,,,,,,,,,
,,,,,,,4.9,,,,,,,,,,,,,,,,
,,,,,,,4.9,,,,,,,,,,,,,,,,
,,,,,,,4.9,,,,,,,,,,,,,,,,
,,,,,,,4.9,,,,,,,,,,,,,,,,
,,,,,,,4.9,,,,,,,,,,,,,,,,
,,,,,,,4.9,,,,,,,,,,,,,,,,
,,,,,,,4.9,,,,,,,,,,,,,,,,
,,,,,,,4.9,,,,,,,,,,,,,,,,
,,,,,,,4.9,,,,,,,,,,,,,,,,
,,,,,,,4.9,,,,,,,,,,,,,,,,
,,,,,,,4.9,,,,,,,,,,,,,,,,
,,,,,,,4.9,,,,,,,,,,,,,,,,
,,,,,,,4.9,,,,,,,,,,,,,,,,
,,,,,,,4.9,,,,,,,,,,,,,,,,
,,,,,,,4.9,,,,,,,,,,,,,,,,
,,,,,,,4.9,,,,,,,,,,,,,,,,
,,,,,,,4.9,,,,,,,,,,,,,,,,
,,,,,,,4.9,,,,,,,,,,,,,,,,
,,,,,,,4.9,,,,,,,,,,,,,,,,
,,,,,,,4.9,,,,,,,,,,,,,,,,
,,,,,,,4.9,,,,,,,,,,,,,,,,
,,,,,,,4.9,,,,,,,,,,,,,,,,
,,,,,,,4.9,,,,,,,,,,,,,,,,
,,,,,,,4.9,,,,,,,,,,,,,,,,
,,,,,,,4.9,,,,,,,,,,,,,,,,
,,,,,,,4.9,,,,,,,,,,,,,,,,
,,,,,,,4.9,,,,,,,,,,,,,,,,
,,,,,,,4.9,,,,,,,,,,,,,,,,
,,,,,,,4.9,,,,,,,,,,,,,,,,
,,,,,,,4.9,,,,,,,,,,,,,,,,
,,,,,,,4.9,,,,,,,,,,,,,,,,
,,,,,,,4.9,,,,,,,,,,,,,,,,
,,,,,,,4.9,,,,,,,,,,,,,,,,
,,,,,,,4.9,,,,,,,,,,,,,,,,
,,,,,,,4.9,,,,,,,,,,,,,,,,
,,,,,,,4.9,,,,,,,,,,,,,,,,
,,,,,,,4.9,,,,,,,,,,,,,,,,
,,,,,,,4.9,,,,,,,,,,,,,,,,
,,,,,,,4.9,,,,,,,,,,,,,,,,
,,,,,,,4.9,,,,,,,,,,,,,,,,
,,,,,,,4.9,,,,,,,,,,,,,,,,
,,,,,,,4.9,,,,,,,,,,,,,,,,
,,,,,,,4.9,,,,,,,,,,,,,,,,
,,,,,,,4.9,,,,,,,,,,,,,,,,
,,,,,,,4.9,,,,,,,,,,,,,,,,
,,,,,,,4.9,,,,,,,,,,,,,,,,
,,,,,,,4.9,,,,,,,,,,,,,,,,
,,,,,,,4.9,,,,,,,,,,,,,,,,
,,,,,,,4.9,,,,,,,,,,,,,,,,
,,,,,,,4.9,,,,,,,,,,,,,,,,
,,,,,,,4.9,,,,,,,,,,,,,,,,
,,,,,,,4.9,,,,,,,,,,,,,,,,
,,,,,,,4.9,,,,,,,,,,,,,,,,
,,,,,,,4.9,,,,,,,,,,,,,,,,
,,,,,,,4.9,,,,,,,,,,,,,,,,
,,,,,,,4.9,,,,,,,,,,,,,,,,
,,,,,,,4.9,,,,,,,,,,,,,,,,
,,,,,,,4.9,,,,,,,,,,,,,,,,
,,,,,,,4.9,,,,,,,,,,,,,,,,
,,,,,,,4.9,,,,,,,,,,,,,,,,
,,,,,,,4.9,,,,,,,,,,,,,,,,
,,,,,,,4.9,,,,,,,,,,,,,,,,
,,,,,,,4.9,,,,,,,,,,,,,,,,
,,,,,,,4.9,,,,,,,,,,,,,,,,
,,,,,,,4.9,,,,,,,,,,,,,,,,
,,,,,,,4.9,,,,,,,,,,,,,,,,
,,,,,,,4.9,,,,,,,,,,,,,,,,
,,,,,,,4.9,,,,,,,,,,,,,,,,
,,,,,,,4.9,,,,,,,,,,,,,,,,
,,,,,,,4.9,,,,,,,,,,,,,,,,
,,,,,,,4.9,,,,,,,,,,,,,,,,
,,,,,,,4.9,,,,,,,,,,,,,,,,
,,,,,,,4.9,,,,,,,,,,,,,,,,
,,,,,,,4.9,,,,,,,,,,,,,,,,
,,,,,,,4.9,,,,,,,,,,,,,,,,
,,,,,,,4.9,,,,,,,,,,,,,,,,
,,,,,,,4.9,,,,,,,,,,,,,,,,
,,,,,,,4.9,,,,,,,,,,,,,,,,
,,,,,,,4.9,,,,,,,,,,,,,,,,
,,,,,,,4.9,,,,,,,,,,,,,,,,
,,,,,,,4.9,,,,,,,,,,,,,,,,
,,,,,,,4.9,,,,,,,,,,,,,,,,
,,,,,,,4.9,,,,,,,,,,,,,,,,
,,,,,,,4.9,,,,,,,,,,,,,,,,
,,,,,,,4.9,,,,,,,,,,,,,,,,
,,,,,,,4.9,,,,,,,,,,,,,,,,
,,,,,,,4.9,,,,,,,,,,,,,,,,
,,,,,,,4.9,,,,,,,,,,,,,,,,
,,,,,,,4.9,,,,,,,,,,,,,,,,
,,,,,,,4.9,,,,,,,,,,,,,,,,
,,,,,,,4.9,,,,,,,,,,,,,,,,
,,,,,,,4.9,,,,,,,,,,,,,,,,
,,,,,,,4.9,,,,,,,,,,,,,,,,
,,,,,,,4.9,,,,,,,,,,,,,,,,
,,,,,,,4.9,,,,,,,,,,,,,,,,
,,,,,,,4.9,,,,,,,,,,,,,,,,
,,,,,,,4.9,,,,,,,,,,,,,,,,
,,,,,,,4.9,,,,,,,,,,,,,,,,
,,,,,,,4.9,,,,,,,,,,,,,,,,
,,,,,,,4.9,,,,,,,,,,,,,,,,
,,,,,,,4.9,,,,,,,,,,,,,,,,
,,,,,,,4.9,,,,,,,,,,,,,,,,
,,,,,,,4.9,,,,,,,,,,,,,,,,
,,,,,,,4.9,,,,,,,,,,,,,,,,
,,,,,,,4.9,,,,,,,,,,,,,,,,
,,,,,,,4.9,,,,,,,,,,,,,,,,
,,,,,,,4.9,,,,,,,,,,,,,,,,
,,,,,,,4.9,,,,,,,,,,,,,,,,
,,,,,,,4.9,,,,,,,,,,,,,,,,
,,,,,,,4.9,,,,,,,,,,,,,,,,
,,,,,,,4.9,,,,,,,,,,,,,,,,
,,,,,,,4.9,,,,,,,,,,,,,,,,
,,,,,,,4.9,,,,,,,,,,,,,,,,
,,,,,,,4.9,,,,,,,,,,,,,,,,
,,,,,,,4.9,,,,,,,,,,,,,,,,
,,,,,,,4.9,,,,,,,,,,,,,,,,
,,,,,,,4.9,,,,,,,,,,,,,,,,
,,,,,,,4.9,,,,,,,,,,,,,,,,
,,,,,,,4.9,,,,,,,,,,,,,,,,
,,,,,,,4.9,,,,,,,,,,,,,,,,
,,,,,,,4.9,,,,,,,,,,,,,,,,
,,,,,,,4.9,,,,,,,,,,,,,,,,
,,,,,,,4.9,,,,,,,,,,,,,,,,
,,,,,,,4.9,,,,,,,,,,,,,,,,
,,,,,,,4.9,,,,,,,,,,,,,,,,
,,,,,,,4.9,,,,,,,,,,,,,,,,
,,,,,,,4.9,,,,,,,,,,,,,,,,
,,,,,,,4.9,,,,,,,,,,,,,,,,
,,,,,,,4.9,,,,,,,,,,,,,,,,
,,,,,,,4.9,,,,,,,,,,,,,,,,
,,,,,,,4.9,,,,,,,,,,,,,,,,
,,,,,,,4.9,,,,,,,,,,,,,,,,
,,,,,,,4.9,,,,,,,,,,,,,,,,
,,,,,,,4.9,,,,,,,,,,,,,,,,
,,,,,,,4.9,,,,,,,,,,,,,,,,
,,,,,,,4.9,,,,,,,,,,,,,,,,
,,,,,,,4.9,,,,,,,,,,,,,,,,
,,,,,,,4.9,,,,,,,,,,,,,,,,
,,,,,,,4.9,,,,,,,,,,,,,,,,
,,,,,,,4.9,,,,,,,,,,,,,,,,
,,,,,,,4.9,,,,,,,,,,,,,,,,
,,,,,,,4.9,,,,,,,,,,,,,,,,
,,,,,,,4.9,,,,,,,,,,,,,,,,
,,,,,,,4.9,,,,,,,,,,,,,,,,
,,,,,,,4.9,,,,,,,,,,,,,,,,
,,,,,,,4.9,,,,,,,,,,,,,,,,
,,,,,,,4.9,,,,,,,,,,,,,,,,
,,,,,,,4.9,,,,,,,,,,,,,,,,
,,,,,,,4.9,,,,,,,,,,,,,,,,
,,,,,,,4.9,,,,,,,,,,,,,,,,
,,,,,,,4.9,,,,,,,,,,,,,,,,
,,,,,,,4.9,,,,,,,,,,,,,,,,
,,,,,,,4.9,,,,,,,,,,,,,,,,
,,,,,,,4.9,,,,,,,,,,,,,,,,
,,,,,,,4.9,,,,,,,,,,,,,,,,
,,,,,,,4.9,,,,,,,,,,,,,,,,
,,,,,,,4.9,,,,,,,,,,,,,,,,
,,,,,,,4.9,,,,,,,,,,,,,,,,
,,,,,,,4.9,,,,,,,,,,,,,,,,
,,,,,,,4.9,,,,,,,,,,,,,,,,
,,,,,,,4.9,,,,,,,,,,,,,,,,
,,,,,,,4.9,,,,,,,,,,,,,,,,
,,,,,,,4.9,,,,,,,,,,,,,,,,
,,,,,,,4.9,,,,,,,,,,,,,,,,
,,,,,,,4.9,,,,,,,,,,,,,,,,
,,,,,,,4.9,,,,,,,,,,,,,,,,
,,,,,,,4.9,,,,,,,,,,,,,,,,
,,,,,,,4.9,,,,,,,,,,,,,,,,
,,,,,,,4.9,,,,,,,,,,,,,,,,
,,,,,,,4.9,,,,,,,,,,,,,,,,
,,,,,,,4.9,,,,,,,,,,,,,,,,
,,,,,,,4.9,,,,,,,,,,,,,,,,
,,,,,,,4.9,,,,,,,,,,,,,,,,
,,,,,,,4.9,,,,,,,,,,,,,,,,
,,,,,,,4.9,,,,,,,,,,,,,,,,
,,,,,,,4.9,,,,,,,,,,,,,,,,
,,,,,,,4.9,,,,,,,,,,,,,,,,
,,,,,,,4.9,,,,,,,,,,,,,,,,
,,,,,,,4.9,,,,,,,,,,,,,,,,
,,,,,,,4.9,,,,,,,,,,,,,,,,
,,,,,,,4.9,,,,,,,,,,,,,,,,
,,,,,,,4.9,,,,,,,,,,,,,,,,
,,,,,,,4.9,,,,,,,,,,,,,,,,
,,,,,,,4.9,,,,,,,,,,,,,,,,
,,,,,,,4.9,,,,,,,,,,,,,,,,
,,,,,,,4.9,,,,,,,,,,,,,,,,
,,,,,,,4.9,,,,,,,,,,,,,,,,
,,,,,,,4.9,,,,,,,,,,,,,,,,
,,,,,,,4.9,,,,,,,,,,,,,,,,
,,,,,,,4.9,,,,,,,,,,,,,,,,
,,,,,,,4.9,,,,,,,,,,,,,,,,
,,,,,,,4.9,,,,,,,,,,,,,,,,
,,,,,,,4.9,,,,,,,,,,,,,,,,
,,,,,,,4.9,,,,,,,,,,,,,,,,
,,,,,,,4.9,,,,,,,,,,,,,,,,
,,,,,,,4.9,,,,,,,,,,,,,,,,
,,,,,,,4.9,,,,,,,,,,,,,,,,
,,,,,,,4.9,,,,,,,,,,,,,,,,
,,,,,,,4.9,,,,,,,,,,,,,,,,
,,,,,,,4.9,,,,,,,,,,,,,,,,
,,,,,,,4.9,,,,,,,,,,,,,,,,
,,,,,,,4.9,,,,,,,,,,,,,,,,
,,,,,,,4.9,,,,,,,,,,,,,,,,
,,,,,,,4.9,,,,,,,,,,,,,,,,
,,,,,,,4.9,,,,,,,,,,,,,,,,
,,,,,,,4.9,,,,,,,,,,,,,,,,
,,,,,,,4.9,,,,,,,,,,,,,,,,
,,,,,,,4.9,,,,,,,,,,,,,,,,
,,,,,,,4.9,,,,,,,,,,,,,,,,
,,,,,,,4.9,,,,,,,,,,,,,,,,
,,,,,,,4.9,,,,,,,,,,,,,,,,
,,,,,,,4.9,,,,,,,,,,,,,,,,
,,,,,,,4.9,,,,,,,,,,,,,,,,
,,,,,,,4.9,,,,,,,,,,,,,,,,
,,,,,,,4.9,,,,,,,,,,,,,,,,
,,,,,,,4.9,,,,,,,,,,,,,,,,
,,,,,,,4.9,,,,,,,,,,,,,,,,
,,,,,,,4.9,,,,,,,,,,,,,,,,
,,,,,,,4.9,,,,,,,,,,,,,,,,
,,,,,,,4.9,,,,,,,,,,,,,,,,
,,,,,,,4.9,,,,,,,,,,,,,,,,
,,,,,,,4.9,,,,,,,,,,,,,,,,
,,,,,,,4.9,,,,,,,,,,,,,,,,
,,,,,,,4.9,,,,,,,,,,,,,,,,
,,,,,,,4.9,,,,,,,,,,,,,,,,
,,,,,,,4.9,,,,,,,,,,,,,,,,
,,,,,,,4.9,,,,,,,,,,,,,,,,
,,,,,,,4.9,,,,,,,,,,,,,,,,
,,,,,,,4.9,,,,,,,,,,,,,,,,
,,,,,,,4.9,,,,,,,,,,,,,,,,
,,,,,,,4.9,,,,,,,,,,,,,,,,
,,,,,,,4.9,,,,,,,,,,,,,,,,
,,,,,,,4.9,,,,,,,,,,,,,,,,
,,,,,,,4.9,,,,,,,,,,,,,,,,
,,,,,,,4.9,,,,,,,,,,,,,,,,
,,,,,,,4.9,,,,,,,,,,,,,,,,
,,,,,,,4.9,,,,,,,,,,,,,,,,
,,,,,,,4.9,,,,,,,,,,,,,,,,
,,,,,,,4.9,,,,,,,,,,,,,,,,
,,,,,,,4.9,,,,,,,,,,,,,,,,
,,,,,,,4.9,,,,,,,,,,,,,,,,
,,,,,,,4.9,,,,,,,,,,,,,,,,
,,,,,,,4.9,,,,,,,,,,,,,,,,
,,,,,,,4.9,,,,,,,,,,,,,,,,
,,,,,,,4.9,,,,,,,,,,,,,,,,
,,,,,,,4.9,,,,,,,,,,,,,,,,
,,,,,,,4.9,,,,,,,,,,,,,,,,
,,,,,,,4.9,,,,,,,,,,,,,,,,
,,,,,,,4.9,,,,,,,,,,,,,,,,
,,,,,,,4.9,,,,,,,,,,,,,,,,
,,,,,,,4.9,,,,,,,,,,,,,,,,
,,,,,,,4.9,,,,,,,,,,,,,,,,
,,,,,,,4.9,,,,,,,,,,,,,,,,
,,,,,,,4.9,,,,,,,,,,,,,,,,
,,,,,,,4.9,,,,,,,,,,,,,,,,
,,,,,,,4.9,,,,,,,,,,,,,,,,
,,,,,,,4.9,,,,,,,,,,,,,,,,
,,,,,,,4.9,,,,,,,,,,,,,,,,
,,,,,,,4.9,,,,,,,,,,,,,,,,
,,,,,,,4.9,,,,,,,,,,,,,,,,
,,,,,,,4.9,,,,,,,,,,,,,,,,
,,,,,,,4.9,,,,,,,,,,,,,,,,
,,,,,,,4.9,,,,,,,,,,,,,,,,
,,,,,,,4.9,,,,,,,,,,,,,,,,
,,,,,,,4.9,,,,,,,,,,,,,,,,
,,,,,,,4.9,,,,,,,,,,,,,,,,
,,,,,,,4.9,,,,,,,,,,,,,,,,
,,,,,,,4.9,,,,,,,,,,,,,,,,
,,,,,,,4.9,,,,,,,,,,,,,,,,
,,,,,,,4.9,,,,,,,,,,,,,,,,
,,,,,,,4.9,,,,,,,,,,,,,,,,
,,,,,,,4.9,,,,,,,,,,,,,,,,
,,,,,,,4.9,,,,,,,,,,,,,,,,
,,,,,,,4.9,,,,,,,,,,,,,,,,
,,,,,,,4.9,,,,,,,,,,,,,,,,
,,,,,,,4.9,,,,,,,,,,,,,,,,
,,,,,,,4.9,,,,,,,,,,,,,,,,
,,,,,,,4.9,,,,,,,,,,,,,,,,
,,,,,,,4.9,,,,,,,,,,,,,,,,
,,,,,,,4.9,,,,,,,,,,,,,,,,
,,,,,,,4.9,,,,,,,,,,,,,,,,
,,,,,,,4.9,,,,,,,,,,,,,,,,
,,,,,,,4.9,,,,,,,,,,,,,,,,
,,,,,,,4.9,,,,,,,,,,,,,,,,
,,,,,,,4.9,,,,,,,,,,,,,,,,
,,,,,,,4.9,,,,,,,,,,,,,,,,
,,,,,,,4.9,,,,,,,,,,,,,,,,
,,,,,,,4.9,,,,,,,,,,,,,,,,
,,,,,,,4.9,,,,,,,,,,,,,,,,
,,,,,,,4.9,,,,,,,,,,,,,,,,
,,,,,,,4.9,,,,,,,,,,,,,,,,
,,,,,,,4.9,,,,,,,,,,,,,,,,
,,,,,,,4.9,,,,,,,,,,,,,,,,
,,,,,,,4.9,,,,,,,,,,,,,,,,
,,,,,,,4.9,,,,,,,,,,,,,,,,
,,,,,,,4.9,,,,,,,,,,,,,,,,
,,,,,,,4.9,,,,,,,,,,,,,,,,
,,,,,,,4.9,,,,,,,,,,,,,,,,
,,,,,,,4.9,,,,,,,,,,,,,,,,
,,,,,,,4.9,,,,,,,,,,,,,,,,
,,,,,,,4.9,,,,,,,,,,,,,,,,
,,,,,,,4.9,,,,,,,,,,,,,,,,
,,,,,,,4.9,,,,,,,,,,,,,,,,
,,,,,,,4.9,,,,,,,,,,,,,,,,
,,,,,,,4.9,,,,,,,,,,,,,,,,
,,,,,,,4.9,,,,,,,,,,,,,,,,
,,,,,,,4.9,,,,,,,,,,,,,,,,
,,,,,,,4.9,,,,,,,,,,,,,,,,
,,,,,,,4.9,,,,,,,,,,,,,,,,
,,,,,,,4.9,,,,,,,,,,,,,,,,
,,,,,,,4.9,,,,,,,,,,,,,,,,
,,,,,,,4.9,,,,,,,,,,,,,,,,
,,,,,,,4.9,,,,,,,,,,,,,,,,
,,,,,,,4.9,,,,,,,,,,,,,,,,
,,,,,,,4.9,,,,,,,,,,,,,,,,
,,,,,,,4.9,,,,,,,,,,,,,,,,
,,,,,,,4.9,,,,,,,,,,,,,,,,
,,,,,,,4.9,,,,,,,,,,,,,,,,
,,,,,,,4.9,,,,,,,,,,,,,,,,
,,,,,,,4.9,,,,,,,,,,,,,,,,
,,,,,,,4.9,,,,,,,,,,,,,,,,
,,,,,,,4.9,,,,,,,,,,,,,,,,
,,,,,,,4.9,,,,,,,,,,,,,,,,
,,,,,,,4.9,,,,,,,,,,,,,,,,
,,,,,,,4.9,,,,,,,,,,,,,,,,
,,,,,,,4.9,,,,,,,,,,,,,,,,
,,,,,,,4.9,,,,,,,,,,,,,,,,
,,,,,,,4.9,,,,,,,,,,,,,,,,
,,,,,,,4.9,,,,,,,,,,,,,,,,
,,,,,,,4.9,,,,,,,,,,,,,,,,
,,,,,,,4.9,,,,,,,,,,,,,,,,
,,,,,,,4.9,,,,,,,,,,,,,,,,
,,,,,,,4.9,,,,,,,,,,,,,,,,
,,,,,,,4.9,,,,,,,,,,,,,,,,
,,,,,,,4.9,,,,,,,,,,,,,,,,
,,,,,,,4.9,,,,,,,,,,,,,,,,
,,,,,,,4.9,,,,,,,,,,,,,,,,
